,Order ID,AWB Number,Total weight as per X (KG),Weight slab charged by Courier Company (KG),Delivery Zone as per X,Delivery Zone charged by Courier Company,Type of Shipment,Weight slab as per X (KG),Expected Charge as per X (Rs.),Charges Billed by Courier Company (Rs.),Difference Between Expected Charges and Billed Charges (Rs.)
0,2001827036,1091122418320,1.27,1.6,b,b,Forward charges,0.5,56.6,117.9,61.300000000000004
1,2001827036,1091122418320,1.5,1.6,b,b,Forward charges,0.5,56.6,117.9,61.300000000000004
2,2001827036,1091122418320,1.0,1.6,b,b,Forward charges,0.5,56.6,117.9,61.300000000000004
3,2001827036,1091122418320,1.65,1.6,b,b,Forward charges,0.5,56.6,117.9,61.300000000000004
4,2001827036,1091122418320,3.5,1.6,b,b,Forward charges,0.5,56.6,117.9,61.300000000000004
5,2001827036,1091122418320,5.0,1.6,b,b,Forward charges,0.5,56.6,117.9,61.300000000000004
7,2001827036,1091122418320,1.37,1.6,b,b,Forward charges,0.5,56.6,117.9,61.300000000000004
8,2001827036,1091122418320,0.1,1.6,b,b,Forward charges,0.5,89.6,117.9,28.30000000000001
9,2001821995,1091121183730,1.27,0.5,d,d,Forward charges,1.25,89.6,45.4,-44.199999999999996
10,2001821995,1091121183730,3.5,0.5,d,d,Forward charges,1.25,56.6,45.4,-11.200000000000003
11,2001819252,1091120352712,1.27,0.3,b,b,Forward charges,0.5,56.6,33.0,-23.6
12,2001819252,1091120352712,0.1,0.3,b,b,Forward charges,0.5,56.6,33.0,-23.6
13,2001819252,1091120352712,1.33,0.3,b,b,Forward charges,0.5,89.6,33.0,-56.599999999999994
14,2001816996,1091119429202,1.27,0.5,d,d,Forward charges,1.25,89.6,45.4,-44.199999999999996
15,2001816996,1091119429202,2.4,0.5,d,d,Forward charges,1.25,89.6,45.4,-44.199999999999996
16,2001816996,1091119429202,1.33,0.5,d,d,Forward charges,1.25,89.6,45.4,-44.199999999999996
17,2001814580,1091118925110,1.27,0.15,d,d,Forward and RTO charges,1.25,89.6,94.7,5.1000000000000085
18,2001813009,1091118553701,1.27,1.0,d,d,Forward charges,1.25,89.6,92.2,2.6000000000000085
19,2001813009,1091118553701,2.4,1.0,d,d,Forward charges,1.25,89.6,92.2,2.6000000000000085
20,2001813009,1091118553701,1.33,1.0,d,d,Forward charges,1.25,89.6,92.2,2.6000000000000085
21,2001813009,1091118553701,1.2,1.0,d,d,Forward charges,1.25,89.6,92.2,2.6000000000000085
22,2001813009,1091118553701,1.0,1.0,d,d,Forward charges,1.25,89.6,92.2,2.6000000000000085
23,2001812941,1091118551656,1.27,0.73,d,d,Forward charges,1.25,89.6,95.2,5.6000000000000085
24,2001812941,1091118551656,2.4,0.73,d,d,Forward charges,1.25,89.6,95.2,5.6000000000000085
25,2001812941,1091118551656,1.33,0.73,d,d,Forward charges,1.25,89.6,95.2,5.6000000000000085
26,2001812195,1091118442390,1.27,0.67,d,d,Forward charges,1.25,89.6,90.2,0.6000000000000085
27,2001812195,1091118442390,2.4,0.67,d,d,Forward charges,1.25,89.6,90.2,0.6000000000000085
28,2001812195,1091118442390,1.33,0.67,d,d,Forward charges,1.25,89.6,90.2,0.6000000000000085
29,2001811809,1091118009786,1.27,0.5,d,d,Forward and RTO charges,1.25,89.6,86.7,-2.8999999999999915
30,2001811809,1091118009786,2.4,0.5,d,d,Forward and RTO charges,1.25,89.6,86.7,-2.8999999999999915
31,2001811809,1091118009786,1.33,0.5,d,d,Forward and RTO charges,1.25,56.6,86.7,30.1
32,2001811475,1091121844806,1.27,0.5,b,b,Forward charges,0.5,56.6,47.0,-9.600000000000001
33,2001811475,1091121844806,2.4,0.5,b,b,Forward charges,0.5,56.6,47.0,-9.600000000000001
34,2001811475,1091121844806,1.12,0.5,b,b,Forward charges,0.5,56.6,47.0,-9.600000000000001
35,2001811475,1091121844806,2.1,0.5,b,b,Forward charges,0.5,89.6,47.0,-42.599999999999994
36,2001811466,1091118001865,1.27,0.8,d,d,Forward charges,1.25,89.6,90.2,0.6000000000000085
37,2001811466,1091118001865,2.4,0.8,d,d,Forward charges,1.25,89.6,90.2,0.6000000000000085
39,2001811153,1091117957533,1.27,0.76,d,d,Forward charges,1.25,89.6,90.2,0.6000000000000085
40,2001811153,1091117957533,2.4,0.76,d,d,Forward charges,1.25,89.6,90.2,0.6000000000000085
42,2001811058,1091117905022,1.27,0.72,d,d,Forward charges,1.25,89.6,90.2,0.6000000000000085
43,2001811058,1091117905022,2.4,0.72,d,d,Forward charges,1.25,89.6,90.2,0.6000000000000085
44,2001811058,1091117905022,1.33,0.72,d,d,Forward charges,1.25,89.6,90.2,0.6000000000000085
45,2001811039,1091117904860,1.27,0.68,d,d,Forward charges,1.25,89.6,90.2,0.6000000000000085
46,2001811039,1091117904860,2.4,0.68,d,d,Forward charges,1.25,89.6,90.2,0.6000000000000085
47,2001811039,1091117904860,1.21,0.68,d,d,Forward charges,1.25,89.6,90.2,0.6000000000000085
48,2001810697,1091117807140,1.27,2.27,d,d,Forward charges,1.25,89.6,224.6,135.0
49,2001810697,1091117807140,2.4,2.27,d,d,Forward charges,1.25,89.6,224.6,135.0
51,2001810281,1091117805390,1.27,0.68,d,d,Forward charges,1.25,89.6,90.2,0.6000000000000085
52,2001810281,1091117805390,2.4,0.68,d,d,Forward charges,1.25,89.6,90.2,0.6000000000000085
53,2001810281,1091117805390,1.33,0.68,d,d,Forward charges,1.25,89.6,90.2,0.6000000000000085
54,2001810125,1091117804314,1.27,0.66,d,d,Forward charges,1.25,89.6,90.2,0.6000000000000085
55,2001810125,1091117804314,2.4,0.66,d,d,Forward charges,1.25,89.6,90.2,0.6000000000000085
56,2001810125,1091117804314,1.33,0.66,d,d,Forward charges,1.25,89.6,90.2,0.6000000000000085
57,2001809820,1091117795623,1.27,3.0,d,d,Forward charges,1.25,89.6,269.4,179.79999999999998
58,2001809820,1091117795623,3.5,3.0,d,d,Forward charges,1.25,89.6,269.4,179.79999999999998
59,2001809820,1091117795623,1.12,3.0,d,d,Forward charges,1.25,89.6,269.4,179.79999999999998
62,2001809820,1091117795623,2.4,3.0,d,d,Forward charges,1.25,56.6,269.4,212.79999999999998
63,2001809820,1091117795623,1.33,3.0,d,d,Forward charges,1.25,56.6,269.4,212.79999999999998
64,2001809820,1091117795623,3.5,3.0,d,d,Forward charges,1.25,56.6,269.4,212.79999999999998
66,2001809820,1091117795623,1.2,3.0,d,d,Forward charges,1.25,89.6,269.4,179.79999999999998
67,2001809820,1091117795623,1.0,3.0,d,d,Forward charges,1.25,89.6,269.4,179.79999999999998
68,2001809820,1091117795623,1.4,3.0,d,d,Forward charges,1.25,89.6,269.4,179.79999999999998
69,2001809820,1091117795623,2.32,3.0,d,d,Forward charges,1.25,89.6,269.4,179.79999999999998
71,2001809592,1091117616121,1.27,1.5,b,b,Forward charges,0.5,89.6,89.6,0.0
72,2001809592,1091117616121,1.12,1.5,b,b,Forward charges,0.5,89.6,89.6,0.0
73,2001809592,1091117616121,2.4,1.5,b,b,Forward charges,0.5,89.6,89.6,0.0
74,2001809592,1091117616121,1.21,1.5,b,b,Forward charges,0.5,89.6,89.6,0.0
75,2001809383,1091117614452,1.27,0.5,d,d,Forward and RTO charges,1.25,89.6,86.7,-2.8999999999999915
76,2001809383,1091117614452,2.4,0.5,d,d,Forward and RTO charges,1.25,89.6,86.7,-2.8999999999999915
78,2001809270,1091117613962,1.27,0.68,d,d,Forward charges,1.25,89.6,95.2,5.6000000000000085
79,2001809270,1091117613962,2.4,0.68,d,d,Forward charges,1.25,89.6,95.2,5.6000000000000085
80,2001809270,1091117613962,1.33,0.68,d,d,Forward charges,1.25,89.6,95.2,5.6000000000000085
81,2001808992,1091117611501,1.27,0.72,d,d,Forward charges,1.25,89.6,90.2,0.6000000000000085
82,2001808992,1091117611501,2.4,0.72,d,d,Forward charges,1.25,89.6,90.2,0.6000000000000085
83,2001808992,1091117611501,1.33,0.72,d,d,Forward charges,1.25,56.6,90.2,33.6
84,2001808883,1091117438074,1.27,0.72,d,d,Forward charges,1.25,56.6,90.2,33.6
85,2001808883,1091117438074,2.4,0.72,d,d,Forward charges,1.25,56.6,90.2,33.6
86,2001808883,1091117438074,1.33,0.72,d,d,Forward charges,1.25,89.6,90.2,0.6000000000000085
87,2001808837,1091117437890,1.27,0.67,d,d,Forward charges,1.25,89.6,90.2,0.6000000000000085
88,2001808837,1091117437890,2.4,0.67,d,d,Forward charges,1.25,56.6,90.2,33.6
89,2001808837,1091117437890,1.33,0.67,d,d,Forward charges,1.25,56.6,90.2,33.6
90,2001808679,1091117437035,1.27,0.72,d,d,Forward charges,1.25,89.6,90.2,0.6000000000000085
91,2001808679,1091117437035,2.4,0.72,d,d,Forward charges,1.25,89.6,90.2,0.6000000000000085
92,2001808679,1091117437035,1.33,0.72,d,d,Forward charges,1.25,89.6,90.2,0.6000000000000085
93,2001808585,1091117436652,1.27,0.72,b,b,Forward charges,0.5,89.6,61.3,-28.299999999999997
94,2001808585,1091117436652,2.4,0.72,b,b,Forward charges,0.5,89.6,61.3,-28.299999999999997
95,2001808585,1091117436652,1.33,0.72,b,b,Forward charges,0.5,89.6,61.3,-28.299999999999997
96,2001808542,1091117436464,1.27,0.86,d,d,Forward charges,1.25,89.6,101.2,11.600000000000009
97,2001808542,1091117436464,2.4,0.86,d,d,Forward charges,1.25,89.6,101.2,11.600000000000009
98,2001808507,1091117436383,1.27,0.79,b,b,Forward charges,0.5,56.6,61.3,4.699999999999996
99,2001808507,1091117436383,2.4,0.79,b,b,Forward charges,0.5,56.6,61.3,4.699999999999996
101,2001808475,1091117436346,1.27,0.7,d,d,Forward charges,1.25,56.6,90.2,33.6
102,2001808475,1091117436346,2.4,0.7,d,d,Forward charges,1.25,89.6,90.2,0.6000000000000085
103,2001808475,1091117436346,1.33,0.7,d,d,Forward charges,1.25,89.6,90.2,0.6000000000000085
104,2001808207,1091117435370,1.27,0.79,d,d,Forward charges,1.25,89.6,90.2,0.6000000000000085
105,2001808207,1091117435370,2.4,0.79,d,d,Forward charges,1.25,89.6,90.2,0.6000000000000085
107,2001807981,1091117327570,1.27,0.5,d,d,Forward charges,1.25,56.6,53.4,-3.200000000000003
108,2001807981,1091117327570,2.4,0.5,d,d,Forward charges,1.25,56.6,53.4,-3.200000000000003
109,2001807981,1091117327570,1.33,0.5,d,d,Forward charges,1.25,89.6,53.4,-36.199999999999996
110,2001807956,1091117327275,1.27,1.08,b,b,Forward charges,0.5,89.6,89.6,0.0
111,2001807956,1091117327275,2.4,1.08,b,b,Forward charges,0.5,89.6,89.6,0.0
112,2001807956,1091117327275,1.33,1.08,b,b,Forward charges,0.5,89.6,89.6,0.0
113,2001807956,1091117327275,2.9,1.08,b,b,Forward charges,0.5,89.6,89.6,0.0
114,2001807931,1091117327172,1.27,0.72,d,d,Forward charges,1.25,89.6,97.2,7.6000000000000085
115,2001807931,1091117327172,2.4,0.72,d,d,Forward charges,1.25,89.6,97.2,7.6000000000000085
117,2001807852,1091117326925,1.27,0.74,d,d,Forward charges,1.25,89.6,90.2,0.6000000000000085
118,2001807852,1091117326925,2.4,0.74,d,d,Forward charges,1.25,89.6,90.2,0.6000000000000085
119,2001807852,1091117326925,1.33,0.74,d,d,Forward charges,1.25,89.6,90.2,0.6000000000000085
120,2001807814,1091117326612,1.27,0.79,b,b,Forward charges,0.5,89.6,61.3,-28.299999999999997
121,2001807814,1091117326612,2.4,0.79,b,b,Forward charges,0.5,89.6,61.3,-28.299999999999997
123,2001807785,1091117326424,1.27,0.68,d,d,Forward charges,1.25,89.6,90.2,0.6000000000000085
124,2001807785,1091117326424,2.4,0.68,d,d,Forward charges,1.25,89.6,90.2,0.6000000000000085
125,2001807785,1091117326424,1.33,0.68,d,d,Forward charges,1.25,89.6,90.2,0.6000000000000085
126,2001807329,1091117333100,1.27,0.73,d,d,Forward charges,1.25,89.6,90.2,0.6000000000000085
127,2001807329,1091117333100,2.4,0.73,d,d,Forward charges,1.25,89.6,90.2,0.6000000000000085
128,2001807329,1091117333100,1.33,0.73,d,d,Forward charges,1.25,89.6,90.2,0.6000000000000085
129,2001807290,1091117324206,1.27,0.5,d,d,Forward charges,1.25,89.6,45.4,-44.199999999999996
130,2001807290,1091117324206,2.4,0.5,d,d,Forward charges,1.25,89.6,45.4,-44.199999999999996
131,2001807290,1091117324206,1.33,0.5,d,d,Forward charges,1.25,89.6,45.4,-44.199999999999996
132,2001807241,1091117324011,1.27,0.79,d,d,Forward charges,1.25,89.6,90.2,0.6000000000000085
133,2001807241,1091117324011,2.4,0.79,d,d,Forward charges,1.25,89.6,90.2,0.6000000000000085
135,2001807186,1091117323812,1.27,0.5,d,d,Forward charges,1.25,89.6,45.4,-44.199999999999996
136,2001807186,1091117323812,2.4,0.5,d,d,Forward charges,1.25,56.6,45.4,-11.200000000000003
137,2001807186,1091117323812,1.33,0.5,d,d,Forward charges,1.25,56.6,45.4,-11.200000000000003
138,2001807084,1091117323215,1.27,0.67,d,d,Forward charges,1.25,56.6,110.2,53.6
139,2001807084,1091117323215,2.4,0.67,d,d,Forward charges,1.25,89.6,110.2,20.60000000000001
140,2001807084,1091117323215,1.33,0.67,d,d,Forward charges,1.25,89.6,110.2,20.60000000000001
141,2001807004,1091117229290,1.27,0.68,d,d,Forward charges,1.25,89.6,90.2,0.6000000000000085
142,2001807004,1091117229290,2.4,0.68,d,d,Forward charges,1.25,89.6,90.2,0.6000000000000085
143,2001807004,1091117229290,1.33,0.68,d,d,Forward charges,1.25,89.6,90.2,0.6000000000000085
144,2001806968,1091117229183,1.27,0.68,d,d,Forward charges,1.25,89.6,90.2,0.6000000000000085
145,2001806968,1091117229183,2.4,0.68,d,d,Forward charges,1.25,89.6,90.2,0.6000000000000085
146,2001806968,1091117229183,1.33,0.68,d,d,Forward charges,1.25,89.6,90.2,0.6000000000000085
147,2001806828,1091117228192,1.27,0.69,d,d,Forward charges,1.25,89.6,100.2,10.600000000000009
148,2001806828,1091117228192,2.4,0.69,d,d,Forward charges,1.25,56.6,100.2,43.6
149,2001806828,1091117228192,1.33,0.69,d,d,Forward charges,1.25,56.6,100.2,43.6
150,2001806823,1091117228133,1.27,0.59,d,d,Forward charges,1.25,56.6,97.2,40.6
151,2001806776,1091117227573,1.27,2.86,b,b,Forward charges,0.5,56.6,174.5,117.9
152,2001806776,1091117227573,1.37,2.86,b,b,Forward charges,0.5,89.6,174.5,84.9
153,2001806776,1091117227573,2.1,2.86,b,b,Forward charges,0.5,89.6,174.5,84.9
154,2001806735,1091117226711,1.27,0.69,d,d,Forward charges,1.25,89.6,90.2,0.6000000000000085
155,2001806735,1091117226711,2.4,0.69,d,d,Forward charges,1.25,89.6,90.2,0.6000000000000085
156,2001806735,1091117226711,1.33,0.69,d,d,Forward charges,1.25,89.6,90.2,0.6000000000000085
157,2001806726,1091117226910,1.27,0.68,d,d,Forward charges,1.25,89.6,90.2,0.6000000000000085
158,2001806726,1091117226910,2.4,0.68,d,d,Forward charges,1.25,89.6,90.2,0.6000000000000085
159,2001806726,1091117226910,1.33,0.68,d,d,Forward charges,1.25,89.6,90.2,0.6000000000000085
160,2001806652,1091117226221,1.27,0.69,d,d,Forward charges,1.25,89.6,90.2,0.6000000000000085
161,2001806652,1091117226221,2.4,0.69,d,d,Forward charges,1.25,89.6,90.2,0.6000000000000085
162,2001806652,1091117226221,1.33,0.69,d,d,Forward charges,1.25,89.6,90.2,0.6000000000000085
163,2001806575,1091117225016,1.27,0.68,b,b,Forward charges,0.5,89.6,71.3,-18.299999999999997
164,2001806575,1091117225016,2.4,0.68,b,b,Forward charges,0.5,89.6,71.3,-18.299999999999997
165,2001806575,1091117225016,1.33,0.68,b,b,Forward charges,0.5,89.6,71.3,-18.299999999999997
166,2001806547,1091117224611,1.27,1.0,b,b,Forward charges,0.5,89.6,61.3,-28.299999999999997
167,2001806533,1091117224353,1.27,0.68,d,d,Forward charges,1.25,89.6,90.2,0.6000000000000085
168,2001806533,1091117224353,2.4,0.68,d,d,Forward charges,1.25,89.6,90.2,0.6000000000000085
169,2001806533,1091117224353,1.33,0.68,d,d,Forward charges,1.25,89.6,90.2,0.6000000000000085
170,2001806471,1091117223351,1.27,1.7,d,d,Forward charges,1.25,89.6,179.8,90.20000000000002
172,2001806471,1091117223351,2.4,1.7,d,d,Forward charges,1.25,89.6,179.8,90.20000000000002
174,2001806471,1091117223351,1.33,1.7,d,d,Forward charges,1.25,89.6,179.8,90.20000000000002
176,2001806471,1091117223351,1.21,1.7,d,d,Forward charges,1.25,89.6,179.8,90.20000000000002
177,2001806446,1091117223211,1.27,0.69,d,d,Forward charges,1.25,89.6,90.2,0.6000000000000085
178,2001806446,1091117223211,2.4,0.69,d,d,Forward charges,1.25,89.6,90.2,0.6000000000000085
179,2001806446,1091117223211,1.33,0.69,d,d,Forward charges,1.25,89.6,90.2,0.6000000000000085
180,2001806338,1091117222570,1.27,0.7,d,d,Forward charges,1.25,89.6,90.2,0.6000000000000085
181,2001806338,1091117222570,2.4,0.7,d,d,Forward charges,1.25,89.6,90.2,0.6000000000000085
182,2001806338,1091117222570,1.33,0.7,d,d,Forward charges,1.25,89.6,90.2,0.6000000000000085
183,2001806304,1091117222360,1.27,0.71,d,d,Forward charges,1.25,89.6,90.2,0.6000000000000085
184,2001806304,1091117222360,2.4,0.71,d,d,Forward charges,1.25,89.6,90.2,0.6000000000000085
185,2001806304,1091117222360,1.33,0.71,d,d,Forward charges,1.25,89.6,90.2,0.6000000000000085
186,2001806273,1091117222194,1.27,1.0,d,d,Forward charges,1.25,89.6,101.2,11.600000000000009
187,2001806273,1091117222194,2.4,1.0,d,d,Forward charges,1.25,89.6,101.2,11.600000000000009
188,2001806273,1091117222194,1.33,1.0,d,d,Forward charges,1.25,89.6,101.2,11.600000000000009
189,2001806273,1091117222194,1.15,1.0,d,d,Forward charges,1.25,89.6,101.2,11.600000000000009
190,2001806229,1091117222080,1.27,0.71,d,d,Forward charges,1.25,89.6,90.2,0.6000000000000085
191,2001806229,1091117222080,2.4,0.71,d,d,Forward charges,1.25,89.6,90.2,0.6000000000000085
192,2001806229,1091117222080,1.33,0.71,d,d,Forward charges,1.25,89.6,90.2,0.6000000000000085
193,2001821750,1091121034350,1.65,0.8,d,d,Forward charges,1.25,89.6,90.2,0.6000000000000085
194,2001821750,1091121034350,3.5,0.8,d,d,Forward charges,1.25,89.6,90.2,0.6000000000000085
195,2001821750,1091121034350,2.4,0.8,d,d,Forward charges,1.25,89.6,90.2,0.6000000000000085
196,2001821679,1091121031745,1.65,0.2,d,d,Forward charges,1.25,89.6,52.4,-37.199999999999996
197,2001807970,1091117327474,1.65,4.13,d,d,Forward charges,1.25,89.6,403.8,314.20000000000005
198,2001807970,1091117327474,6.0,4.13,d,d,Forward charges,1.25,89.6,403.8,314.20000000000005
199,2001806733,1091117226674,1.65,1.13,d,d,Forward charges,1.25,89.6,135.0,45.400000000000006
200,2001806733,1091117226674,1.12,1.13,d,d,Forward charges,1.25,89.6,135.0,45.400000000000006
201,2001806733,1091117226674,2.4,1.13,d,d,Forward charges,1.25,89.6,135.0,45.400000000000006
203,2001806733,1091117226674,2.1,1.13,d,d,Forward charges,1.25,89.6,135.0,45.400000000000006
204,2001816131,1091119367193,3.5,0.7,d,d,Forward charges,1.25,56.6,90.2,33.6
205,2001816131,1091119367193,1.02,0.7,d,d,Forward charges,1.25,56.6,90.2,33.6
206,2001812854,1091118548333,3.5,2.94,d,d,Forward charges,1.25,56.6,280.4,223.79999999999998
207,2001812854,1091118548333,1.12,2.94,d,d,Forward charges,1.25,56.6,280.4,223.79999999999998
210,2001812854,1091118548333,3.5,2.94,d,d,Forward charges,1.25,89.6,280.4,190.79999999999998
213,2001812854,1091118548333,5.0,2.94,d,d,Forward charges,1.25,89.6,280.4,190.79999999999998
214,2001807613,1091117333251,3.5,1.04,d,d,Forward charges,1.25,89.6,135.0,45.400000000000006
215,2001807613,1091117333251,2.4,1.04,d,d,Forward charges,1.25,89.6,135.0,45.400000000000006
217,2001825261,1091121981575,1.37,1.6,d,d,Forward and RTO charges,1.25,89.6,345.0,255.4
218,2001825261,1091121981575,0.1,1.6,d,d,Forward and RTO charges,1.25,56.6,345.0,288.4
219,2001825261,1091121981575,1.12,1.6,d,d,Forward and RTO charges,1.25,56.6,345.0,288.4
221,2001825261,1091121981575,2.4,1.6,d,d,Forward and RTO charges,1.25,89.6,345.0,255.4
222,2001810549,1091117806263,1.37,1.86,d,d,Forward charges,1.25,89.6,191.8,102.20000000000002
223,2001810549,1091117806263,2.4,1.86,d,d,Forward charges,1.25,89.6,191.8,102.20000000000002
224,2001810549,1091117806263,2.4,1.86,d,d,Forward charges,1.25,56.6,191.8,135.20000000000002
225,2001810549,1091117806263,2.32,1.86,d,d,Forward charges,1.25,56.6,191.8,135.20000000000002
226,2001823564,1091121666133,1.12,0.7,d,d,Forward and RTO charges,1.25,56.6,172.8,116.20000000000002
229,2001821502,1091121185863,1.12,0.6,d,d,Forward charges,1.25,89.6,90.2,0.6000000000000085
231,2001821502,1091121185863,1.1,0.6,d,d,Forward charges,1.25,89.6,90.2,0.6000000000000085
232,2001821284,1091120962515,1.12,0.2,d,d,Forward charges,1.25,89.6,45.4,-44.199999999999996
233,2001821284,1091120962515,0.65,0.2,d,d,Forward charges,1.25,89.6,45.4,-44.199999999999996
234,2001817093,1091121485824,1.12,1.3,b,b,Forward and RTO charges,0.5,89.6,166.1,76.5
237,2001817093,1091121485824,1.2,1.3,b,b,Forward and RTO charges,0.5,89.6,166.1,76.5
238,2001817093,1091121485824,1.0,1.3,b,b,Forward and RTO charges,0.5,89.6,166.1,76.5
239,2001817093,1091121485824,2.1,1.3,b,b,Forward and RTO charges,0.5,89.6,166.1,76.5
240,2001817093,1091121485824,1.4,1.3,b,b,Forward and RTO charges,0.5,89.6,166.1,76.5
241,2001817093,1091121485824,1.15,1.3,b,b,Forward and RTO charges,0.5,89.6,166.1,76.5
242,2001811192,1091117957780,1.12,1.13,d,d,Forward and RTO charges,1.25,89.6,258.9,169.29999999999998
244,2001811192,1091117957780,1.12,1.13,d,d,Forward and RTO charges,1.25,56.6,258.9,202.29999999999998
245,2001811192,1091117957780,1.2,1.13,d,d,Forward and RTO charges,1.25,56.6,258.9,202.29999999999998
246,2001811192,1091117957780,1.0,1.13,d,d,Forward and RTO charges,1.25,56.6,258.9,202.29999999999998
247,2001811192,1091117957780,1.4,1.13,d,d,Forward and RTO charges,1.25,89.6,258.9,169.29999999999998
248,2001808102,1091117435005,1.12,1.28,d,d,Forward charges,1.25,89.6,135.0,45.400000000000006
251,2001808102,1091117435005,2.4,1.28,d,d,Forward charges,1.25,89.6,135.0,45.400000000000006
252,2001808102,1091117435005,1.15,1.28,d,d,Forward charges,1.25,56.6,135.0,78.4
253,2001808102,1091117435005,1.3,1.28,d,d,Forward charges,1.25,56.6,135.0,78.4
254,2001807415,1091117325094,1.12,1.0,b,b,Forward charges,0.5,89.6,61.3,-28.299999999999997
255,2001807415,1091117325094,2.4,1.0,b,b,Forward charges,0.5,89.6,61.3,-28.299999999999997
256,2001807415,1091117325094,1.2,1.0,b,b,Forward charges,0.5,89.6,61.3,-28.299999999999997
257,2001807362,1091117324394,1.12,2.0,d,d,Forward charges,1.25,89.6,179.8,90.20000000000002
262,2001807036,1091117323005,1.12,1.64,d,d,Forward charges,1.25,89.6,179.8,90.20000000000002
265,2001807036,1091117323005,1.15,1.64,d,d,Forward charges,1.25,89.6,179.8,90.20000000000002
266,2001806616,1091117225484,1.12,1.08,b,b,Forward charges,0.5,89.6,98.6,9.0
267,2001806616,1091117225484,2.4,1.08,b,b,Forward charges,0.5,89.6,98.6,9.0
268,2001806616,1091117225484,1.21,1.08,b,b,Forward charges,0.5,89.6,98.6,9.0
269,2001806616,1091117225484,1.2,1.08,b,b,Forward charges,0.5,89.6,98.6,9.0
271,2001806616,1091117225484,2.5,1.08,b,b,Forward charges,0.5,89.6,98.6,9.0
272,2001806567,1091117224902,1.12,1.16,d,d,Forward charges,1.25,89.6,141.0,51.400000000000006
273,2001806567,1091117224902,1.2,1.16,d,d,Forward charges,1.25,56.6,141.0,84.4
274,2001806567,1091117224902,2.9,1.16,d,d,Forward charges,1.25,56.6,141.0,84.4
275,2001806567,1091117224902,1.2,1.16,d,d,Forward charges,1.25,89.6,141.0,51.400000000000006
276,2001806567,1091117224902,1.6,1.16,d,d,Forward charges,1.25,56.6,141.0,84.4
277,2001806567,1091117224902,1.5,1.16,d,d,Forward charges,1.25,56.6,141.0,84.4
278,2001806408,1091117222931,1.12,2.5,d,d,Forward charges,1.25,56.6,224.6,168.0
279,2001806408,1091117222931,1.0,2.5,d,d,Forward charges,1.25,56.6,224.6,168.0
280,2001806408,1091117222931,1.65,2.5,d,d,Forward charges,1.25,56.6,224.6,168.0
281,2001806408,1091117222931,5.52,2.5,d,d,Forward charges,1.25,89.6,224.6,135.0
282,2001822466,1091121305541,1.12,1.1,d,d,Forward charges,1.25,89.6,135.0,45.400000000000006
283,2001822466,1091121305541,2.4,1.1,d,d,Forward charges,1.25,111.0,135.0,24.0
284,2001821185,1091120959225,2.4,2.1,d,d,Forward charges,1.25,111.0,224.6,113.6
286,2001821185,1091120959225,1.33,2.1,d,d,Forward charges,1.25,56.6,224.6,168.0
287,2001821185,1091120959225,1.21,2.1,d,d,Forward charges,1.25,56.6,224.6,168.0
288,2001821185,1091120959225,2.9,2.1,d,d,Forward charges,1.25,56.6,224.6,168.0
290,2001821185,1091120959225,2.9,2.1,d,d,Forward charges,1.25,89.6,224.6,135.0
291,2001821185,1091120959225,2.4,2.1,d,d,Forward charges,1.25,89.6,224.6,135.0
292,2001811604,1091118004245,2.4,0.8,b,b,Forward charges,0.5,89.6,67.3,-22.299999999999997
293,2001811604,1091118004245,1.21,0.8,b,b,Forward charges,0.5,89.6,67.3,-22.299999999999997
294,2001811604,1091118004245,1.2,0.8,b,b,Forward charges,0.5,89.6,67.3,-22.299999999999997
295,2001807976,1091117327496,2.4,0.7,d,d,Forward and RTO charges,1.25,89.6,172.8,83.20000000000002
297,2001807976,1091117327496,1.21,0.7,d,d,Forward and RTO charges,1.25,89.6,172.8,83.20000000000002
298,2001807976,1091117327496,1.2,0.7,d,d,Forward and RTO charges,1.25,89.6,172.8,83.20000000000002
299,2001807960,1091117327312,2.4,1.0,d,d,Forward charges,1.25,89.6,90.2,0.6000000000000085
301,2001807960,1091117327312,2.4,1.0,d,d,Forward charges,1.25,56.6,90.2,33.6
302,2001807960,1091117327312,2.1,1.0,d,d,Forward charges,1.25,56.6,90.2,33.6
303,2001812838,1091118547832,1.12,0.6,b,b,Forward and RTO charges,0.5,56.6,108.3,51.699999999999996
304,2001812838,1091118547832,1.1,0.6,b,b,Forward and RTO charges,0.5,89.6,108.3,18.700000000000003
305,2001812650,1091118591534,1.12,0.61,d,d,Forward charges,1.25,89.6,90.2,0.6000000000000085
306,2001812650,1091118591534,1.15,0.61,d,d,Forward charges,1.25,89.6,90.2,0.6000000000000085
307,2001821742,1091121034114,2.4,0.15,d,d,Forward charges,1.25,89.6,45.4,-44.199999999999996
308,2001811306,1091117958163,2.4,1.1,d,d,Forward charges,1.25,89.6,135.0,45.400000000000006
310,2001811306,1091117958163,1.65,1.1,d,d,Forward charges,1.25,89.6,135.0,45.400000000000006
311,2001811306,1091117958163,3.0,1.1,d,d,Forward charges,1.25,89.6,135.0,45.400000000000006
312,2001811229,1091117957942,2.4,0.6,d,d,Forward charges,1.25,89.6,93.2,3.6000000000000085
313,2001811229,1091117957942,1.0,0.6,d,d,Forward charges,1.25,89.6,93.2,3.6000000000000085
314,2001811229,1091117957942,1.65,0.6,d,d,Forward charges,1.25,56.6,93.2,36.6
315,2001810104,1091117804200,2.4,0.76,d,d,Forward charges,1.25,89.6,90.2,0.6000000000000085
317,2001810104,1091117804200,1.21,0.76,d,d,Forward charges,1.25,89.6,90.2,0.6000000000000085
318,2001808286,1091117435602,2.4,0.77,d,d,Forward charges,1.25,89.6,90.2,0.6000000000000085
320,2001808286,1091117435602,1.21,0.77,d,d,Forward charges,1.25,89.6,90.2,0.6000000000000085
321,2001807930,1091117327695,2.4,0.15,d,d,Forward charges,1.25,56.6,45.4,-11.200000000000003
322,2001807012,1091117229345,2.4,0.15,d,d,Forward charges,1.25,56.6,45.4,-11.200000000000003
323,2001806686,1091117229555,2.4,0.15,d,d,Forward charges,1.25,89.6,45.4,-44.199999999999996
324,2001821766,1091121034641,1.2,0.2,d,d,Forward charges,1.25,89.6,63.4,-26.199999999999996
325,2001809934,1091117803511,2.4,0.82,d,d,Forward charges,1.25,56.6,98.2,41.6
326,2001809934,1091117803511,1.21,0.82,d,d,Forward charges,1.25,111.0,98.2,-12.799999999999997
327,2001806801,1091117227816,2.4,1.35,b,b,Forward charges,0.5,111.0,89.6,-21.400000000000006
328,2001806801,1091117227816,1.21,1.35,b,b,Forward charges,0.5,89.6,89.6,0.0
329,2001806226,1091117222065,2.4,0.68,d,d,Forward charges,1.25,89.6,90.2,0.6000000000000085
330,2001808675,1091117437050,0.65,1.2,b,b,Forward charges,0.5,56.6,89.6,32.99999999999999
331,2001808675,1091117437050,1.65,1.2,b,b,Forward charges,0.5,56.6,89.6,32.99999999999999
332,2001808675,1091117437050,1.13,1.2,b,b,Forward charges,0.5,89.6,89.6,0.0
333,2001808675,1091117437050,1.7,1.2,b,b,Forward charges,0.5,,89.6,
334,2001808675,1091117437050,5.0,1.2,b,b,Forward charges,0.5,,89.6,
336,2001821190,1091120959015,6.0,1.2,d,d,Forward and RTO charges,1.25,,275.9,
338,2001808832,1091117437864,6.0,2.47,d,d,Forward charges,1.25,,224.6,
339,2001818390,1091120014461,1.21,0.8,e,e,Forward and RTO charges,1.5,,213.5,
340,2001818390,1091120014461,2.4,0.8,e,e,Forward and RTO charges,1.5,,213.5,
341,2001818390,1091120014461,1.2,0.8,e,e,Forward and RTO charges,1.5,,213.5,
342,2001807058,1091117323112,2.9,1.15,b,b,Forward charges,0.5,,89.6,
345,2001807058,1091117323112,0.65,1.15,b,b,Forward charges,0.5,,89.6,
346,2001807058,1091117323112,1.13,1.15,b,b,Forward charges,0.5,,89.6,
347,2001807058,1091117323112,1.2,1.15,b,b,Forward charges,0.5,,89.6,
348,2001806232,1091117222124,2.4,1.3,d,d,Forward charges,1.25,,140.0,
349,2001806232,1091117222124,1.37,1.3,d,d,Forward charges,1.25,,140.0,
350,2001820978,1091120922803,1.65,0.5,d,d,Forward charges,1.25,,45.4,
351,2001820978,1091120922803,3.5,0.5,d,d,Forward charges,1.25,,45.4,
352,2001811363,1091117958395,1.65,0.59,d,d,Forward charges,1.25,,90.2,
354,2001811363,1091117958395,1.13,0.59,d,d,Forward charges,1.25,,90.2,
355,2001811363,1091117958395,0.65,0.59,d,d,Forward charges,1.25,,90.2,
356,2001808801,1091117437680,1.65,0.8,d,d,Forward charges,1.25,,90.2,
357,2001808801,1091117437680,0.65,0.8,d,d,Forward charges,1.25,,90.2,
358,2001808801,1091117437680,1.13,0.8,d,d,Forward charges,1.25,,90.2,
359,2001808801,1091117437680,2.1,0.8,d,d,Forward charges,1.25,,90.2,
360,2001808118,1091117435134,1.65,0.5,b,b,Forward charges,0.5,,33.0,
361,2001808118,1091117435134,0.65,0.5,b,b,Forward charges,0.5,,33.0,
362,2001808118,1091117435134,1.13,0.5,b,b,Forward charges,0.5,,33.0,
363,2001820690,1091121306101,0.65,0.15,d,d,Forward charges,1.25,,62.4,
364,2001816684,1091119398844,1.2,0.99,d,d,Forward and RTO charges,1.25,,172.8,
366,2001816684,1091119398844,1.0,0.99,d,d,Forward and RTO charges,1.25,,172.8,
367,2001809794,1091117795531,1.2,1.5,d,d,Forward charges,1.25,,135.0,
368,2001809794,1091117795531,3.5,1.5,d,d,Forward charges,1.25,,135.0,
370,2001809794,1091117795531,1.65,1.5,d,d,Forward charges,1.25,,135.0,
371,2001809794,1091117795531,2.32,1.5,d,d,Forward charges,1.25,,135.0,
372,2001809794,1091117795531,5.0,1.5,d,d,Forward charges,1.25,,135.0,
373,2001809794,1091117795531,0.3,1.5,d,d,Forward charges,1.25,,135.0,
374,2001817160,1091119630264,3.5,0.7,d,d,Forward and RTO charges,1.25,,181.8,
376,2001806458,1091117223244,3.5,1.0,b,b,Forward charges,0.5,,61.3,
378,2001815688,1091119169701,1.2,0.2,d,d,Forward charges,1.25,,45.4,
379,2001815688,1091119169701,1.0,0.2,d,d,Forward charges,1.25,,45.4,
380,2001811305,1091121846136,1.2,0.5,d,d,Forward charges,1.25,,65.4,
381,2001811305,1091121846136,2.1,0.5,d,d,Forward charges,1.25,,65.4,
384,2001808739,1091117437293,1.2,1.63,d,d,Forward charges,1.25,,179.8,
385,2001808739,1091117437293,1.0,1.63,d,d,Forward charges,1.25,,179.8,
386,2001806210,1091117221940,1.2,2.92,b,b,Forward charges,0.5,,174.5,
387,2001806210,1091117221940,1.0,2.92,b,b,Forward charges,0.5,,174.5,
388,2001809917,1091121482593,2.1,0.6,d,d,Forward and RTO charges,1.25,,179.8,
391,2001806768,1091117227116,2.1,1.02,d,d,Forward charges,1.25,,146.0,
392,2001806885,1091117229776,2.1,1.0,b,b,Forward charges,0.5,,61.3,
394,2001808295,1091117435661,1.15,0.2,e,e,Forward and RTO charges,1.5,,127.3,
395,2001808295,1091117435661,1.3,0.2,e,e,Forward and RTO charges,1.5,,127.3,
396,2001806251,1091117222146,1.15,1.27,d,d,Forward charges,1.25,,135.0,
397,2001806251,1091117222146,1.3,1.27,d,d,Forward charges,1.25,,135.0,
398,2001806233,1091117222135,1.15,0.78,b,b,Forward charges,0.5,,61.3,
399,2001806233,1091117222135,1.3,0.78,b,b,Forward charges,0.5,,61.3,
400,2001807328,1091117324346,4.9,2.28,d,d,Forward charges,1.25,,235.6,
